gene_symbol,gene_id,baseMean,log2FoldChange,lfcSE,stat,pvalue,padj,Significant
KIF20A,ENSG00000112984,382.9732053189855,6.332757740123097,0.48776691371693787,12.98316380638753,1.5245061818085698e-38,5.553928470946801e-34,Upregulated
RPS3AP6,ENSG00000234797,892.6547680972068,6.123947950478888,0.492396739557998,12.437019700772339,1.6452892739331622e-35,2.9969766769329515e-31,Upregulated
TOP2A,ENSG00000131747,2430.671353657727,6.909832210787058,0.5619421039652958,12.296341850928103,9.476981203292089e-35,8.631397555428352e-31,Upregulated
KNL1,ENSG00000137812,467.0848983018618,5.7975367308542,0.47070714749683684,12.3166532772761,7.368940617270814e-35,8.631397555428352e-31,Upregulated
NOX4,ENSG00000086991,187.5068081303537,4.062095000907133,0.34547218584761974,11.75809563638456,6.416522864430261e-32,4.675206889481177e-28,Upregulated
RN7SL4P,ENSG00000263740,39711.61477517135,13.032999350613098,1.1109726541739413,11.731161250142314,8.823970599439852e-32,5.357767881803221e-28,Upregulated
RRM2,ENSG00000171848,871.6928482197958,6.0401774651655655,0.5183302924967224,11.6531438594316,2.2114679200582453e-31,1.1509426827948847e-27,Upregulated
MELK,ENSG00000165304,325.9833160254983,6.3660775415729445,0.5499803881884624,11.575099182248428,5.510749159849319e-31,2.5095262830308817e-27,Upregulated
PIMREG,ENSG00000129195,635.661203614997,6.564277561016439,0.5825554924120462,11.268072563932627,1.8865445172746392e-29,7.636522589870264e-26,Upregulated
NCAPG,ENSG00000109805,357.91790616725007,5.693469036457625,0.5103789281026411,11.155376374223321,6.740696691393991e-29,2.4557032116417446e-25,Upregulated
SCARNA5,ENSG00000252010,7512.648545907183,11.906791854055845,1.095883106923564,10.865019981448008,1.6918614061157048e-27,5.6032911714728406e-24,Upregulated
NDC80,ENSG00000080986,239.42486575671236,5.324110059649966,0.4920320395676088,10.820657257053266,2.747995755681354e-27,8.342686114602284e-24,Upregulated
BUB1,ENSG00000169679,443.2742060938467,4.820756808419362,0.4482050029705793,10.755696113315812,5.571177117748386e-27,1.5612581044360878e-23,Upregulated
Z99129.4,ENSG00000279453,1191.2660140810417,-2.5867676174989946,0.24438695614676545,-10.584720470701077,3.508263153316181e-26,9.129252495604414e-23,Downregulated
PNPLA7,ENSG00000130653,1103.5358929062231,-2.174990163905088,0.20850065316627367,-10.431574821833252,1.7791479162736431e-25,4.321075849184339e-22,Downregulated
DLGAP5,ENSG00000126787,210.1637727719887,6.406889095284842,0.6173169338024719,10.37860577680979,3.1027318724543344e-25,7.064726552836491e-22,Upregulated
RN7SL674P,ENSG00000239899,4065.3767675631098,10.56489552515465,1.0212810701249404,10.344748213008758,4.420768178080008e-25,9.473706205625458e-22,Upregulated
H4C3,ENSG00000197061,2312.7692277320366,11.150138714336391,1.079324210828079,10.330666728750375,5.120343437732676e-25,9.817854304212586e-22,Upregulated
RN7SL5P,ENSG00000265735,9574.82157427686,11.678789455018329,1.13035646889618,10.331952597593345,5.052153418344304e-25,9.817854304212586e-22,Upregulated
H2BC17,ENSG00000274641,1049.4601489999263,10.180249592813544,0.9902906506782864,10.280062308818849,8.66715513232708e-25,1.578765643129039e-21,Upregulated
DTL,ENSG00000143476,343.6559723257269,4.393078052421744,0.4281524667043233,10.260545936444526,1.061051539888127e-24,1.8407223166506833e-21,Upregulated
MAGED4,ENSG00000154545,174.59997349858196,6.000123379726432,0.5867783550291066,10.225536317590995,1.523821079313738e-24,2.523378442749036e-21,Upregulated
SKA1,ENSG00000154839,123.60792725381091,4.356330153315008,0.42649132218084446,10.214346521845055,1.7102763685786206e-24,2.709003407986423e-21,Upregulated
ACTBP2,ENSG00000213763,89.34023638382155,3.7952263965261497,0.37331803560066923,10.166201561678168,2.8064013950443656e-24,4.260000384285886e-21,Upregulated
RN7SKP80,ENSG00000202058,4580.021443857032,9.949042547601897,0.9791183773718274,10.161225422310377,2.953407602752523e-24,4.3038236950350865e-21,Upregulated
RPLP0P6,ENSG00000213553,475.35215108944413,4.773164017537149,0.472030628024303,10.111979465221053,4.888640685201274e-24,6.849925723175677e-21,Upregulated
KIF14,ENSG00000118193,284.1504856207148,5.888439464126075,0.5829672534789958,10.100806570155378,5.478968342199753e-24,7.392751691654785e-21,Upregulated
SNRPGP10,ENSG00000235363,103.45996581859188,5.603520886061888,0.5567600502018263,10.064516812997995,7.927564294632429e-24,1.03146105292055e-20,Upregulated
ZNNT1,ENSG00000261087,774.6745342689336,-3.0377697166123876,0.3024556846149054,-10.043685310395658,9.794497118694408e-24,1.1894110817705197e-20,Downregulated
KIF2C,ENSG00000142945,465.99000548486976,4.359954631955909,0.4339762918961823,10.046527225959425,9.516201799715489e-24,1.1894110817705197e-20,Upregulated
SNORD17,ENSG00000212232,8307.466354345004,11.045081917329838,1.1015260709651478,10.027072629930794,1.1590193036169457e-23,1.3620720080667405e-20,Upregulated
UBE2C,ENSG00000175063,530.8120105118418,6.415680468184042,0.64178954944393,9.996548671979504,1.5780108551838808e-23,1.7609257170446503e-20,Upregulated
TIMP4,ENSG00000157150,2208.706913981527,4.436683873309416,0.4438689048874711,9.995482504984658,1.5950851928981762e-23,1.7609257170446503e-20,Upregulated
PBK,ENSG00000168078,299.9655716757419,5.909197869509291,0.5918549063437526,9.984200191925412,1.7873667852558442e-23,1.915163510401637e-20,Upregulated
EEF1A1P4,ENSG00000245205,158.83436189695826,5.035907502089514,0.5068219306486462,9.936246238682697,2.895325664435302e-23,2.9373325813961367e-20,Upregulated
MKI67,ENSG00000148773,972.0666406210228,5.488475018154452,0.5523829298394153,9.935996790758944,2.902582222015891e-23,2.9373325813961367e-20,Upregulated
EZH2,ENSG00000106462,693.1519708614218,3.9371895656238496,0.396491090543738,9.93008332223679,3.0799806578037557e-23,3.032615549849963e-20,Upregulated
RNY1,ENSG00000201098,1001.1822159419869,9.31248797985486,0.9508791566986782,9.793555694486498,1.2000008082104013e-22,1.1504534064187665e-19,Upregulated
GPR82,ENSG00000171657,132.5394155181155,6.030060080532542,0.6171025426113106,9.771569008638242,1.491244796300351e-22,1.3930138249748227e-19,Upregulated
GAS2L3,ENSG00000139354,510.2476083754392,3.742305924257418,0.38408691466968603,9.743383024323528,1.968882668357058e-22,1.7932091122728994e-19,Upregulated
H4C4,ENSG00000277157,1645.7066879864756,11.223385821377311,1.1536131552126412,9.728898956001025,2.270370309866341e-22,2.0173624575302603e-19,Upregulated
H2AC11,ENSG00000196787,1497.5697240355262,7.908251697925948,0.8150340712172837,9.702970682090235,2.9284557808899837e-22,2.5401564893715e-19,Upregulated
H1-3,ENSG00000124575,1876.5099266083755,11.685959660957023,1.204931690177627,9.698441626374949,3.061385928838149e-22,2.593705831941921e-19,Upregulated
MYBL2,ENSG00000101057,533.7688029362785,6.471903500416996,0.6691690604706027,9.671552202167772,3.9829065977936076e-22,3.297756142368612e-19,Upregulated
PCDHB17P,ENSG00000255622,108.9393190088617,3.017455581014997,0.3124311774496903,9.657984858124115,4.547203021536962e-22,3.6813145172802904e-19,Upregulated
H1-5,ENSG00000184357,3813.1176599053724,13.106162250194815,1.3606171276933887,9.63251305855107,5.828624832927564e-22,4.616144158443133e-19,Upregulated
AC083855.2,ENSG00000285906,78.68706765782527,5.382410333302659,0.5599777696546793,9.61182858494869,7.127183901267859e-22,5.524477376746582e-19,Upregulated
RN7SL128P,ENSG00000240869,1859.6991739769805,10.632282747331839,1.1161164483901995,9.526141078439464,1.6323857904039011e-21,1.227581163578542e-18,Upregulated
E2F2,ENSG00000007968,183.87393763287292,5.313436854300844,0.5578436738137088,9.52495672842435,1.6511069423114533e-21,1.227581163578542e-18,Upregulated
NPM1P27,ENSG00000249353,243.74453310217436,3.527246820873451,0.37132310764046766,9.499130940939704,2.1164921636223357e-21,1.5421185202585063e-18,Upregulated
IDH1,ENSG00000138413,3937.046086080811,2.3367523306595137,0.24694135471300405,9.462782503057433,2.9985564053306133e-21,2.141968792207835e-18,Upregulated
FRRS1,ENSG00000156869,166.1012359709392,3.843652211873116,0.4066899215213537,9.451063349430214,3.35405828950057e-21,2.349840337399909e-18,Upregulated
HNRNPKP4,ENSG00000243547,106.30996372906694,3.3040112519983706,0.3520546100111155,9.384939603245225,6.2952510150700554e-21,4.327213013773909e-18,Upregulated
EEF1A1P13,ENSG00000250182,396.5072115934951,3.4375970095053985,0.3670021811719777,9.366693676118878,7.484020317118805e-21,5.049080447647318e-18,Upregulated
COL4A1,ENSG00000187498,15055.985136939122,5.053493702351751,0.544117389721693,9.287506331926883,1.579452950978664e-20,1.0275187581625662e-17,Upregulated
IGF2BP3,ENSG00000136231,565.3473566625114,7.088019859967704,0.7630670906324839,9.288855392902153,1.5595638103938538e-20,1.0275187581625662e-17,Upregulated
AC103591.4,ENSG00000285928,180.48268554309306,-2.070639309423898,0.22305054298384228,-9.283274013701435,1.643491719984525e-20,1.0504218745746708e-17,Downregulated
RN7SKP203,ENSG00000200488,2573.1341065131655,13.44354518259774,1.4500224127047503,9.27126716443043,1.8394739337082744e-20,1.1554116358435542e-17,Upregulated
RPL15P3,ENSG00000212802,408.7407819229779,3.5872893794732335,0.3871445881569774,9.26601969706129,1.932221174629731e-20,1.1871130369794372e-17,Upregulated
H3C3,ENSG00000287080,1766.1254394710468,11.311991136057348,1.220969324598419,9.264762765254483,1.955114661106372e-20,1.1871130369794372e-17,Upregulated
HJURP,ENSG00000123485,305.44133377643413,5.477883466828876,0.5916888389430922,9.258047653245882,2.082042289025516e-20,1.2434570923194848e-17,Upregulated
SETP14,ENSG00000240489,62.23268431865398,3.2446757594108777,0.35072754769391973,9.251271480512587,2.2183783739639405e-20,1.3035119764819407e-17,Upregulated
BUB1B,ENSG00000156970,226.3840528506596,4.60018527643453,0.4973733100596466,9.248958847194398,2.2668995789944317e-20,1.3108796597197802e-17,Upregulated
KIF4A,ENSG00000090889,405.5969786040007,4.253984354803092,0.46058524815252466,9.236041258087294,2.557858959688076e-20,1.4479165092895517e-17,Upregulated
EXOC3L2,ENSG00000283632,111.46997766555344,4.4726865745051425,0.48432016347525636,9.234979073370026,2.5833650765507632e-20,1.4479165092895517e-17,Upregulated
H2BC9,ENSG00000275713,1010.5653658781284,9.894780642341274,1.073639015943369,9.21611500272005,3.08059737347841e-20,1.7004430744423026e-17,Upregulated
FAM111B,ENSG00000189057,164.5368200157412,5.191896669799806,0.563747528768678,9.209613177621915,3.273022821085555e-20,1.77969394619355e-17,Upregulated
AURKB,ENSG00000178999,206.5893765028255,5.627963769718118,0.6122918192973148,9.1916363935369,3.869099639770345e-20,2.0728701320069623e-17,Upregulated
NR5A2,ENSG00000116833,83.45747951120593,4.738698546221606,0.5158588113755439,9.186037810589701,4.07577915281824e-20,2.151952323424946e-17,Upregulated
SCARNA6,ENSG00000251791,2158.9654831276102,9.81468684665506,1.071053516488872,9.163582113832716,5.0202576132525257e-20,2.6127572158343253e-17,Upregulated
AC104619.3,ENSG00000250144,109.36413829378641,6.182694619302785,0.6767325427712285,9.13609768784662,6.474655167368544e-20,3.322227639470471e-17,Upregulated
H2BC11,ENSG00000124635,1258.6897771913075,6.4462038631585035,0.7061756054744539,9.12832985618008,6.956414426882349e-20,3.519849083135428e-17,Upregulated
RN7SL1,ENSG00000276168,1242216.1441949192,9.265643488737608,1.018788346018419,9.094767843536061,9.478875894555011e-20,4.730478461842926e-17,Upregulated
H3C10,ENSG00000278828,1391.7073562912437,8.220784019074193,0.906730155456892,9.066406327836118,1.2300706852059958e-19,6.055770963883735e-17,Upregulated
CDC25C,ENSG00000158402,126.1362187498432,4.764420124416827,0.5256458477105743,9.063935623515404,1.2582668766175966e-19,6.111989410940754e-17,Upregulated
ESCO2,ENSG00000171320,176.3246023835901,4.744375091779382,0.5237121297649371,9.059127757664973,1.3149784633262704e-19,6.303418473347284e-17,Upregulated
SINHCAF,ENSG00000139146,430.5224476449117,3.1423416630951806,0.348216054357442,9.024114838397377,1.8115391647356686e-19,8.570932897465603e-17,Upregulated
CDC45,ENSG00000093009,186.54948307485498,4.9093751049611845,0.5444373484988172,9.017337106827547,1.9271665913216574e-19,9.001103344671704e-17,Upregulated
EEF1A1P19,ENSG00000249855,210.29875285964795,3.339686505923666,0.3704563944166643,9.015059683832622,1.9676329327394038e-19,9.073776629446737e-17,Upregulated
RPS7P1,ENSG00000263266,434.5183301193395,3.8603881536275466,0.42929841216325465,8.992318732731555,2.4206852795476357e-19,1.1023498177399989e-16,Upregulated
AURKA,ENSG00000087586,382.2019542701864,2.918023231437643,0.32623528877934727,8.944535835947777,3.735161647386563e-19,1.679946592295554e-16,Upregulated
H2AC20,ENSG00000184260,1278.9128308459535,8.266370408353081,0.9268599765427836,8.918683099454677,4.718654844517704e-19,2.0964062761051764e-16,Upregulated
SHOX2,ENSG00000168779,223.29089659873244,7.766896758068095,0.8711398693452568,8.915786122733248,4.843676129058982e-19,2.1181947979206643e-16,Upregulated
PRDM2,ENSG00000116731,4350.064774641318,-1.6637028280089738,0.18662114239460637,-8.91486787971274,4.883982405790008e-19,2.1181947979206643e-16,Downregulated
MSR1,ENSG00000038945,2103.289159404335,3.7328168560547113,0.41925153928446685,8.903525703031358,5.410023833406736e-19,2.318736214998127e-16,Upregulated
CENPA,ENSG00000115163,85.3305363224254,4.7605406564665405,0.5355602152938175,8.888898989359818,6.171740299240085e-19,2.6144496609490177e-16,Upregulated
RN7SL396P,ENSG00000244642,1144.9833638746406,10.539741381276901,1.1865460108831247,8.88270769494422,6.525226194243422e-19,2.73241971818945e-16,Upregulated
RAB42,ENSG00000188060,157.2225619761466,3.9901876597455757,0.45081532305571687,8.85104710438696,8.67019527747633e-19,3.5893623199288654e-16,Upregulated
H1-2,ENSG00000187837,4960.75640651288,5.166231271471519,0.5848225902190275,8.83384355849979,1.0113907332064902e-18,4.099403633249163e-16,Upregulated
MIR924HG,ENSG00000267374,72.85075136300935,4.152757158310721,0.4701041502821231,8.83369601357174,1.0127263237144867e-18,4.099403633249163e-16,Upregulated
MCM10,ENSG00000065328,154.23277705056074,4.427840386256619,0.5013270394826109,8.832239311939615,1.026006374780812e-18,4.107520685674699e-16,Upregulated
KIF18A,ENSG00000121621,167.4169425610126,4.427731053978705,0.5027975214894644,8.806191090326372,1.2947024870055687e-18,5.126881120010856e-16,Upregulated
RN7SL752P,ENSG00000239437,1277.324110984573,11.102158978879004,1.2661159810056537,8.768674549120496,1.8078175254583534e-18,7.081784975265944e-16,Upregulated
ORC1,ENSG00000085840,138.71279935570084,3.7337129366428083,0.4263824550476584,8.756722732002368,2.0100930875837706e-18,7.790393752528122e-16,Upregulated
SCARNA7,ENSG00000238741,2544.016735444949,8.181116713911322,0.93813119239788,8.720653124218419,2.7660160240933698e-18,1.0607234713025849e-15,Upregulated
CDCA2,ENSG00000184661,179.55727653075954,5.5880683366932775,0.6409936665936795,8.717821451168108,2.836057226044297e-18,1.0762541750210392e-15,Upregulated
ASF1B,ENSG00000105011,220.98087748096827,4.309133911541493,0.4948792738384299,8.707444702863745,3.108017602012463e-18,1.1673009201950108e-15,Upregulated
CEP55,ENSG00000138180,117.53715960129193,4.289290235052473,0.4930501645559801,8.69950066625619,3.333476983839975e-18,1.2392030612068788e-15,Upregulated
H2AC4,ENSG00000278463,740.4006415359701,9.237028543403932,1.0649946968741186,8.673309426343312,4.197393468842033e-18,1.5445983986200417e-15,Upregulated
TROAP,ENSG00000135451,192.45447295604714,5.274502879726647,0.6092220722278481,8.657767208660804,4.81094779464454e-18,1.7526763910669525e-15,Upregulated
